type,name,module,path,hash
"csv","agent-manifest","_cfg","bmad/_cfg/agent-manifest.csv","af2d2487a1a3336f2d289bf6a6004337641c67fa52c08fff64670bda18db440b"
"csv","task-manifest","_cfg","bmad/_cfg/task-manifest.csv","7fccf1cdffa6d592342f9edd9e13c042fffea2dbcbb79b043fbd69a7e610c875"
"csv","workflow-manifest","_cfg","bmad/_cfg/workflow-manifest.csv","15b4582f51ee3e7f42d774f71ca1a55c022e8abc33ad05cf986c310b9ff9e06b"
"yaml","manifest","_cfg","bmad/_cfg/manifest.yaml","dd096c6062db8609067ef130952fbe395c51ce971cdf0de3ecaf014c897b545d"
"csv","communication-presets","bmb","bmad/bmb/workflows/create-agent/communication-presets.csv","7da0e24ff4067bee04b3d39e89811452b90c66b90cf1a52b2e5ef4360c995836"
"js","installer","bmb","bmad/bmb/workflows/create-module/installer-templates/installer.js","f065095d3392601b90e0336017479528c90ab00407c88b9c08f553f0eafeecf1"
"md","agent-compilation","bmb","bmad/bmb/docs/agent-compilation.md","231f4bbb93ae847795eee6fc69dbd6d912badfb4d786b721d22b3a649b38479a"
"md","agent-menu-patterns","bmb","bmad/bmb/docs/agent-menu-patterns.md","a9f525442c782fdfb84608c71dcf64d8e26ac9ef97798641fa9fc9f3f04eb6d0"
"md","agent-validation-checklist","bmb","bmad/bmb/workflows/create-agent/agent-validation-checklist.md","94c5232d325c1c729472f085cc0c73ea30de4672a0d6067937ec776aa59cd7cd"
"md","bmad-builder","bmb","bmad/bmb/agents/bmad-builder.md","21b055bacefb020b1e92dd5679af54fc87ad080e69f1330ffd90f8e7a0c30e54"
"md","brainstorm-context","bmb","bmad/bmb/workflows/create-agent/brainstorm-context.md","089aba83bd9bc46b2e7dcb50569e3033e1593ac8d4be1efef320b3fa77e5f434"
"md","brainstorm-context","bmb","bmad/bmb/workflows/create-module/brainstorm-context.md","886f075588e5bd20dfbe6417a9c73799c73f7c1e98a53bbba61c0354743529ff"
"md","brainstorm-context","bmb","bmad/bmb/workflows/create-workflow/brainstorm-context.md","07193ddbfe309faf17f1e6bf0f2a8b243d7361502a3d6a4e58ed3c9bf5c3068f"
"md","breakthroughs","bmb","bmad/bmb/reference/agents/expert-examples/journal-keeper/journal-keeper-sidecar/breakthroughs.md","afaf2bab53d660bac148d0ce0352c10e99f81db763a761d6f4a4c8d0f752ceb3"
"md","checklist","bmb","bmad/bmb/workflows/audit-workflow/checklist.md","8eae30fe3320e20c5cc38480cd5d4fe926095bd9d56b04de45da4633d970ac0b"
"md","checklist","bmb","bmad/bmb/workflows/convert-legacy/checklist.md","b2fdfe557eb88133cb717b0235dc1940bdf20b76cd3dc2cdc9479c25b76a6242"
"md","checklist","bmb","bmad/bmb/workflows/create-module/checklist.md","9a6c2b6e6bc719e357b7aa6f5329972243187f431066fbc438993e13372c7ef3"
"md","checklist","bmb","bmad/bmb/workflows/create-workflow/checklist.md","d87fde6985f1517c550f4e0db3ded4c93bf8685e9a59d058813155d5dabd432a"
"md","checklist","bmb","bmad/bmb/workflows/create-workflow/workflow-template/checklist.md","329a1e39a83e95d1d3a6c1784eb15841ef509b88be82cdc9a42bd693dc114b64"
"md","checklist","bmb","bmad/bmb/workflows/edit-module/checklist.md","de9120a1f99519bb315301b20b3c66d560699c940a14fc942e2602ca7a5c9d98"
"md","checklist","bmb","bmad/bmb/workflows/edit-workflow/checklist.md","3b59883c9a68b9a735fffb5b70c6071077b24b85e4d07b7345502fbe6b0239bb"
"md","checklist","bmb","bmad/bmb/workflows/module-brief/checklist.md","5dc575ebef451d3295132bd96ff5f995e3b60fb77bc2e75df598a97ea41cda98"
"md","expert-agent-architecture","bmb","bmad/bmb/docs/expert-agent-architecture.md","aba8e0e60b5f271eb63c20dbe2bf6926b87d432b4ae61a7a93a99ebef8d9054e"
"md","index","bmb","bmad/bmb/docs/index.md","b1e9f560ea72bfff452a11c9858544a4eaf00d46cfca79e03c5eeb816ec17337"
"md","info-and-installation-guide","bmb","bmad/bmb/workflows/create-agent/info-and-installation-guide.md","8428c5741cffcd5d1da09d52651e55063e95eb11ac9e5d8c3e0bed2dfb47d233"
"md","installation-guide","bmb","bmad/bmb/workflows/create-agent/installation-guide.md","4039f8eb8f90606ad714ae104a2731abb31d7a8173b50a5062dc264e066ee70b"
"md","instructions","bmb","bmad/bmb/reference/agents/expert-examples/journal-keeper/journal-keeper-sidecar/instructions.md","c31deab77f40f03a63fed1215fbfe5159f867114d3983006b232f9707f8b442d"
"md","instructions","bmb","bmad/bmb/workflows/audit-workflow/instructions.md","bf6f70e35e0678ddb2c711581436eb9875102e2f2c8699689866bce96883808e"
"md","instructions","bmb","bmad/bmb/workflows/convert-legacy/instructions.md","7a3ad6ef26ac2a531e75417a83a4bad4909f5f0a03f6cd80eb20f2fb4bb9b022"
"md","instructions","bmb","bmad/bmb/workflows/create-agent/instructions.md","9926705d09d799a0862a6e0660869285e5f044240424c9e61677db90b6aa6d1e"
"md","instructions","bmb","bmad/bmb/workflows/create-module/instructions.md","7df410ac2e531c058bcb2e376ef6aea5f4731c9b0bdf11514bbe4b208ad6de45"
"md","instructions","bmb","bmad/bmb/workflows/create-workflow/instructions.md","c5aa8fa51a20b762946478974fc43d28f3410fdf137f332a92f53b25d72cc738"
"md","instructions","bmb","bmad/bmb/workflows/create-workflow/workflow-template/instructions.md","f8fa3335b18a2caf1d891e68a823501940092770715747acc45d1c6f67ab8881"
"md","instructions","bmb","bmad/bmb/workflows/edit-agent/instructions.md","452a2c527edebe2f588dbd3572e3fdb283890246953d2206fdc39caed35819c0"
"md","instructions","bmb","bmad/bmb/workflows/edit-module/instructions.md","564325dadf89fae2176745dc29fc1cde328773f0bd740df3de416157c6c6bdcf"
"md","instructions","bmb","bmad/bmb/workflows/edit-workflow/instructions.md","400df46302554134be21a706c372712d134bf2d38480ddef2912d97b962a3968"
"md","instructions","bmb","bmad/bmb/workflows/module-brief/instructions.md","4c4829dc70f0f2c2bfffcbb2e7e0602c262ca8faaf24bcaff2a05d9498c7233a"
"md","memories","bmb","bmad/bmb/reference/agents/expert-examples/journal-keeper/journal-keeper-sidecar/memories.md","7a1918989e3a4efe74625786a3a69b815f2f5e4128c02548256994b5e0fe0df6"
"md","module-agent-architecture","bmb","bmad/bmb/docs/module-agent-architecture.md","28feb35eefb4c895c3836b95d4ce2d48289426dbcce1b536537c7e09d92b7e8a"
"md","module-structure","bmb","bmad/bmb/workflows/create-module/module-structure.md","8c24932d580d2c312c9bb024ae4399092c59bc22610b6a0154e9200d9c947e04"
"md","mood-patterns","bmb","bmad/bmb/reference/agents/expert-examples/journal-keeper/journal-keeper-sidecar/mood-patterns.md","d3f4f3af64de02db2888ab216995bacd0503c13983175810493cbc4eb2c261a1"
"md","readme","bmb","bmad/bmb/reference/readme.md","b4432b34e68bb436f5bf6c14ce92758a47a1974d9d4f7384ecd4e5fbb1e1bdc2"
"md","README","bmb","bmad/bmb/README.md","a9730c0621cdf022ba9db1207d04aab77b55b94021926b1ae73f35de285e4d3f"
"md","README","bmb","bmad/bmb/reference/agents/expert-examples/journal-keeper/README.md","62b63a493b9778a4d6ff41a91e3791c17d517eef27a2e9442b719e75a55fa2b3"
"md","README","bmb","bmad/bmb/reference/agents/module-examples/README.md","df8f3a6193e22b13ed171794040ac3dbdbbec49302474f9e9697462c6f87cf01"
"md","README","bmb","bmad/bmb/reference/agents/simple-examples/README.md","ec69afc5c5c7797a934c0c22bab41e9262a96faa7eceea36b6909b2972ae3d51"
"md","README","bmb","bmad/bmb/workflows/convert-legacy/README.md","298fb062b5df5cec68b8f3a84c056b74d6d6142e99808698f2a55dad3fcae411"
"md","README","bmb","bmad/bmb/workflows/create-module/README.md","6101369aacf57a3c6552b50b9e14c0700735c3636246d3395fe9fd5f194e7165"
"md","README","bmb","bmad/bmb/workflows/create-workflow/README.md","bf54c92974d6e519cb2a849887a48a703556e5ae228175f2f3f3ee5719cb4f7f"
"md","README","bmb","bmad/bmb/workflows/edit-agent/README.md","533ff3c98cb97841a850cb4c7924f4ec7accaa0f68ba2ea56472089295273ff1"
"md","README","bmb","bmad/bmb/workflows/edit-module/README.md","65d5832f89fcb74157332df2366f994a5f39068a957caad20cb2ff8d3f4fcc51"
"md","README","bmb","bmad/bmb/workflows/edit-workflow/README.md","89e2c60e4cc95a734f480aa4974eafb4af66d26ba10588623f6ffb54106335c4"
"md","README","bmb","bmad/bmb/workflows/module-brief/README.md","6d0e78038a68be8243c9699470a6f10e027675e69eeb0a7af6c91a1682076182"
"md","simple-agent-architecture","bmb","bmad/bmb/docs/simple-agent-architecture.md","e02cc2d497a684aee9a01321cdfeb7cda8f6c9064a477327476fd43efacabab4"
"md","template","bmb","bmad/bmb/workflows/audit-workflow/template.md","c9a9961f7c7bd76126f3870adef08020b35a8410757ae70d0f945d6aa4b2298f"
"md","template","bmb","bmad/bmb/workflows/create-workflow/workflow-template/template.md","8a56e37ae2b6ee9ea9fc319132cff573217530a015f323c7c6724824ad113286"
"md","template","bmb","bmad/bmb/workflows/module-brief/template.md","92902dab599c4aed7f36cc61d01359deaece1362ed237b2840880f2f02e8363d"
"md","understanding-agent-types","bmb","bmad/bmb/docs/understanding-agent-types.md","e481304d9fce465d76ca08c01ce49cd3a2f6977122f3c89e05f0439437e05cb1"
"md","workflow-creation-guide","bmb","bmad/bmb/workflows/create-workflow/workflow-creation-guide.md","a049492f41e2232b8085b77c89edc6c343b67fc8273d8610f0f59071412f1c37"
"yaml","bmad-builder.agent","bmb","bmad/bmb/agents/bmad-builder.agent.yaml",""
"yaml","commit-poet.agent","bmb","bmad/bmb/reference/agents/simple-examples/commit-poet.agent.yaml","27ef5244217bf2887c66a30b8b273e45d6409cced3074d52b9456a0bac30bb03"
"yaml","config","bmb","bmad/bmb/config.yaml","9b90c712685ba167f7028994360dc35a1751f647396ee1414b0cdb08e689dcd3"
"yaml","install-config","bmb","bmad/bmb/workflows/create-module/installer-templates/install-config.yaml","7f405aaa32cb316f489f21ac4cc8640abfac6a12dd6b989032cda97e0d2cae8b"
"yaml","journal-keeper.agent","bmb","bmad/bmb/reference/agents/expert-examples/journal-keeper/journal-keeper.agent.yaml","3be4069a586b2b43d388782a385d0dfd99875b2e8e97df7a466be9ac4d8b7ddb"
"yaml","security-engineer.agent","bmb","bmad/bmb/reference/agents/module-examples/security-engineer.agent.yaml","abef3232260a74a752165532cb435b4027b713ef81fc23bad03381c8dfe2f21f"
"yaml","trend-analyst.agent","bmb","bmad/bmb/reference/agents/module-examples/trend-analyst.agent.yaml","9abfc040b56ffca17088a689b90b6ff2b5560e0d7ab5e8f4104385717bc7a49d"
"yaml","workflow","bmb","bmad/bmb/workflows/audit-workflow/workflow.yaml","297a210d9f1a8077df964365457236a76938752fa03f33d20464004fda5aa60a"
"yaml","workflow","bmb","bmad/bmb/workflows/convert-legacy/workflow.yaml","4bd5e2bfc265f7420f25833bede3e606db79aae3920e80689fe36b6a3c543448"
"yaml","workflow","bmb","bmad/bmb/workflows/create-agent/workflow.yaml","09a0236ad9536c87e3ded0fe642ea9f9ca2d2b4a1f839217ffc508c5d3678534"
"yaml","workflow","bmb","bmad/bmb/workflows/create-module/workflow.yaml","948cc9be9779f9ecaf1d96a083c5f1ed55cd89c650b7d5a58e34aab2c4320b9b"
"yaml","workflow","bmb","bmad/bmb/workflows/create-workflow/workflow-template/workflow.yaml","b0358f053f6c5053c5bc6eec9d2a4c9fcc992bcfd8923d152a8ea5df92332dd4"
"yaml","workflow","bmb","bmad/bmb/workflows/create-workflow/workflow.yaml","b479bd2ef913d0239392013e494986414ede18f75b222f1dea7f991c8b337d29"
"yaml","workflow","bmb","bmad/bmb/workflows/edit-agent/workflow.yaml","57c6331b6a6e4ebcd45a67df87cb0a59160e3491ee25e50c1125278beb17956c"
"yaml","workflow","bmb","bmad/bmb/workflows/edit-module/workflow.yaml","8920f3002bed844ac9a3e6f2c9701b2d610a45bfa902437a64096d81bfea3943"
"yaml","workflow","bmb","bmad/bmb/workflows/edit-workflow/workflow.yaml","79e9f50f468ec3376bd8f2c8f1c57316732724516be1716a46e9e5c1a111f2f5"
"yaml","workflow","bmb","bmad/bmb/workflows/module-brief/workflow.yaml","6ea071a789373dcb741379d1696872c1d09e8ad1407258628a4f7f99e1c54bbd"
"csv","default-party","bmm","bmad/bmm/teams/default-party.csv","630635c10c15c8a4f249c216a4a0bd38d25944b3a05c43b3d2c5f468bdd7c567"
"csv","documentation-requirements","bmm","bmad/bmm/workflows/document-project/documentation-requirements.csv","efc91d54787939a2dd2c22400e6b9b6f58835a741ea557e8971b5b333ce666e8"
"csv","domain-complexity","bmm","bmad/bmm/workflows/2-plan-workflows/prd/domain-complexity.csv","b74c413a885918ef62f90d61889e4e8c64aea3d26d357c6b1cc5054092274783"
"csv","pattern-categories","bmm","bmad/bmm/workflows/3-solutioning/architecture/pattern-categories.csv","490bb6b7d5abfd5c1b20dca04399870c030b5d5d2db7148621d43f08044616e8"
"csv","project-types","bmm","bmad/bmm/workflows/2-plan-workflows/prd/project-types.csv","2ea18a3e100f51cf26f0311949e7b7f76c6005e85271df0afd8d1b5632faaf57"
"csv","tea-index","bmm","bmad/bmm/testarch/tea-index.csv","4dd16c0db1c4c135808d9acb05432b315dd25b442b7806aada03639ca381323f"
"excalidraw","workflow-method-greenfield","bmm","bmad/bmm/docs/images/workflow-method-greenfield.excalidraw","e6be6477352223ff28f97563e0d465cbdf98565f3c4bfa8fb5e5a558e838c123"
"json","excalidraw-library","bmm","bmad/bmm/workflows/diagrams/_shared/excalidraw-library.json","4c00ec7431643aad652c91ce6f655882fffa3a99da1a8c810c226490560f24a5"
"json","project-scan-report-schema","bmm","bmad/bmm/workflows/document-project/templates/project-scan-report-schema.json","4c27adf9407907f31150d03d233f782f165aae9f754ecfa5532d0eed36c8bc94"
"md","agents-guide","bmm","bmad/bmm/docs/agents-guide.md","c2c99c7f4faeccc5b4221c549f77687a6eb901bbbd2d36c36831dd400d01e187"
"md","analyst","bmm","bmad/bmm/agents/analyst.md","614b62e7e29c74d77964f55409cb8a01440d924dc239f5008c63bc4e1eb29e68"
"md","api-documenter","bmm","bmad/bmm/sub-modules/claude-code/sub-agents/bmad-analysis/api-documenter.md","34e5dc7ba546dd3ffd9de2af581e0b7b73ba898d8c90293a65b9bbcc87ee5933"
"md","api-request","bmm","bmad/bmm/testarch/knowledge/api-request.md","33ad7ae30177c9887f1386f8eed977eac3cf13410c0ecb449914baecfc0195ae"
"md","architect","bmm","bmad/bmm/agents/architect.md","d8f14ade5426d2fbb5c8c49c815730c84dd93308824fb58dac5e418b5783e175"
"md","architecture-template","bmm","bmad/bmm/workflows/3-solutioning/architecture/architecture-template.md","8af47cd86e625a87836f88c2b8b158c7c61079562ca03d361a46888c06bf098f"
"md","atdd-checklist-template","bmm","bmad/bmm/workflows/testarch/atdd/atdd-checklist-template.md","9a267489ba6a0fc1f4096795bf1aaed395f98be1963e302479c7030656a5d3e4"
"md","auth-session","bmm","bmad/bmm/testarch/knowledge/auth-session.md","e4f2f7f57e4c818c03aff084be6f6ceb7eb8bb08d0ba9fe5196423f592fbbd50"
"md","bmad-quick-flow","bmm","bmad/bmm/docs/bmad-quick-flow.md","8de7e61287bc9e75b34dc071f4bf040648eefa8d7d6cbc5d258a307afdb80ad2"
"md","brownfield-guide","bmm","bmad/bmm/docs/brownfield-guide.md","16af1e56bff9baed6524f61e45dfe969ff7d4acc080590ab2a04a979fb80cdc5"
"md","burn-in","bmm","bmad/bmm/testarch/knowledge/burn-in.md","e2d9e0f3a1072f24f07d0dc555af1e2e7c632257acf9bc9f957aba33e70483ec"
"md","checklist","bmm","bmad/bmm/workflows/1-analysis/product-brief/checklist.md","4b3211448c246d2313d5e6a3f38421ec846fcfb6dd4abd86fb99b156ad02eb2b"
"md","checklist","bmm","bmad/bmm/workflows/1-analysis/research/checklist.md","a9fce8e332d712c733a2b38dbc5ffa0fe4a5e997d057f57f0136a10c3046d2e3"
"md","checklist","bmm","bmad/bmm/workflows/2-plan-workflows/create-ux-design/checklist.md","69c45f1d99f8f52855ba9e4d7ac13f5b90494e7d2c7526c24e43a46ba4af560e"
"md","checklist","bmm","bmad/bmm/workflows/2-plan-workflows/prd/checklist.md","1b0c7ca689b2c65f78b9e8588a5e57e9234c19a52ca359c65dccadbaeb01c147"
"md","checklist","bmm","bmad/bmm/workflows/3-solutioning/architecture/checklist.md","3096ee1c3b107084560d546943580fd206ad240d2844368b3d8a01e4a487d0a1"
"md","checklist","bmm","bmad/bmm/workflows/3-solutioning/implementation-readiness/checklist.md","bf7c87fdb7746c009b2440309ec12674ba92c07e9b040a9e7641cbee71e2755e"
"md","checklist","bmm","bmad/bmm/workflows/4-implementation/correct-course/checklist.md","88590a144d5e60ff8c3a303c2f967c9d398cc309dab7d1936881a1c18f692a6a"
"md","checklist","bmm","bmad/bmm/workflows/4-implementation/create-story/checklist.md","ddb4629f456d0d15bf208dee1e4c932e94fe5598d02fe19161f520f7f36772a5"
"md","checklist","bmm","bmad/bmm/workflows/4-implementation/dev-story/checklist.md","92c016af009753dd0d09100ab817692ee1fe32d8a1aafdb9129d31ca4e969fd1"
"md","checklist","bmm","bmad/bmm/workflows/4-implementation/sprint-planning/checklist.md","cc4f8e9411dbf9e644333790f867d74027aae3721cbc7f11d574536bf903a0aa"
"md","checklist","bmm","bmad/bmm/workflows/bmad-quick-flow/quick-dev/checklist.md","9cbe1c88f133aba49afe71c9e22bdd0af6ddbfe4841787d1d3423a507fea5d2e"
"md","checklist","bmm","bmad/bmm/workflows/diagrams/create-dataflow/checklist.md","9ad98c97dae6dfe8f8f691a9f358cdca231a5f816fca116f61c45efade9401db"
"md","checklist","bmm","bmad/bmm/workflows/diagrams/create-diagram/checklist.md","1deb56994883395a436d74a20a8e06c14c415b34c178a20bc5b60a30f7cd9e0f"
"md","checklist","bmm","bmad/bmm/workflows/diagrams/create-flowchart/checklist.md","13a309faf96c2114bb456b68b12bb96355dfe19a33ef6207fffa1c26e8056585"
"md","checklist","bmm","bmad/bmm/workflows/diagrams/create-wireframe/checklist.md","fd6bebe3e678b87bca24cc46b846bbc115d4dc6b08863bb8be54677c71c426a2"
"md","checklist","bmm","bmad/bmm/workflows/document-project/checklist.md","baa831e15cdd3f40e286a50caf798ac6dcd76f20b1cf8b01a09f26f2c937b2a7"
"md","checklist","bmm","bmad/bmm/workflows/testarch/atdd/checklist.md","10835403aae2bf2f4c90558a139e0d36e07edac71072966a2d54fb4518ca1a98"
"md","checklist","bmm","bmad/bmm/workflows/testarch/automate/checklist.md","034025f155c51cc8ce970041b34720996b8a7232991a36ea378e229b4ebf855c"
"md","checklist","bmm","bmad/bmm/workflows/testarch/ci/checklist.md","ba5517a88641942c711478c6e5df8118412b1a29b6570e8cac4add33ee8379ac"
"md","checklist","bmm","bmad/bmm/workflows/testarch/framework/checklist.md","4b6701e337d74e69bf66149b6f885940076756b67b26928454d706a0a1d380b2"
"md","checklist","bmm","bmad/bmm/workflows/testarch/nfr-assess/checklist.md","cd3a06a4c36557f28d93fb78766c96fb39db57c399187a26f056ebd63ef7de74"
"md","checklist","bmm","bmad/bmm/workflows/testarch/test-design/checklist.md","e1209bd44650f15b7b872d59a1c8066911bed5062f44e73baa78fb9289a32587"
"md","checklist","bmm","bmad/bmm/workflows/testarch/test-review/checklist.md","4513e00ce1966b81432b494bc5954122851da51b170a3fc55ad3872aec37c929"
"md","checklist","bmm","bmad/bmm/workflows/testarch/trace/checklist.md","58d75317202230e58e43adb9b711f2bba4a5e0ea1ad5c1ab4b8a9064ed007625"
"md","checklist-deep-prompt","bmm","bmad/bmm/workflows/1-analysis/research/checklist-deep-prompt.md","3556662e3fc31d0922a8ed51e03de56e0269332b1b138437f89db5d49d1696b0"
"md","checklist-technical","bmm","bmad/bmm/workflows/1-analysis/research/checklist-technical.md","d001f6f0444db4822881b56e3afb0407cdc4a504a90d9ec11ecb93b404a1a71b"
"md","ci-burn-in","bmm","bmad/bmm/testarch/knowledge/ci-burn-in.md","d1688040c43d23a638a627c8544c24cbcf410e4e19af5158c09155d832addd4d"
"md","codebase-analyzer","bmm","bmad/bmm/sub-modules/claude-code/sub-agents/bmad-analysis/codebase-analyzer.md","6b9bc9cc85aa0c71a867ffdf861375eda7772e7a1afa8fe513d7efa408ba681d"
"md","component-tdd","bmm","bmad/bmm/testarch/knowledge/component-tdd.md","1acb4c48b2f924f60ed6784955597c17120466d5dc24d2e43e4b0a1bd0e61aae"
"md","contract-testing","bmm","bmad/bmm/testarch/knowledge/contract-testing.md","1d90624821dc9cbbffe41567ec05045b3f5f634c5208ff0151e946520a3d484b"
"md","data-analyst","bmm","bmad/bmm/sub-modules/claude-code/sub-agents/bmad-analysis/data-analyst.md","77d9e6b95c2097a821dbbfbb2944f346ff65a577aefad4792a5a5059080592e7"
"md","data-factories","bmm","bmad/bmm/testarch/knowledge/data-factories.md","c98dab79a9064d45402dbe0a5c25a1d82b53557c56e3f142023bf907e2b98d53"
"md","deep-dive-instructions","bmm","bmad/bmm/workflows/document-project/workflows/deep-dive-instructions.md","889f8737779ab7d94c09cc0bda40570e7ffbc3b015bdea163d4fbd4497985db1"
"md","deep-dive-template","bmm","bmad/bmm/workflows/document-project/templates/deep-dive-template.md","2d098bb425f58d1d49ab5c6b7c1a8c92af9271d281bacafe000fed059a1a206d"
"md","dependency-mapper","bmm","bmad/bmm/sub-modules/claude-code/sub-agents/bmad-planning/dependency-mapper.md","029078feaaba58ba79018ebf39640665af7ab9c00585316b8c5809a5395f5d35"
"md","dev","bmm","bmad/bmm/agents/dev.md","c9f2dbfdc853db3aea5db35948959753544c16ed31ce83d9ce67497c237dfe67"
"md","document-reviewer","bmm","bmad/bmm/sub-modules/claude-code/sub-agents/bmad-review/document-reviewer.md","24435d1983b21d00a7bf66660e3cf6b9e8d11d745a813c7feb155449d850c7db"
"md","documentation-standards","bmm","bmad/bmm/workflows/techdoc/documentation-standards.md","a6497acb8f313c70bd99b6506a524610730af6148376e98f95db2af22edf76cd"
"md","email-auth","bmm","bmad/bmm/testarch/knowledge/email-auth.md","1265f30cdd7b85f164769abf4f6ea86b6abec3acd90653e646a9c9ee17176963"
"md","enterprise-agentic-development","bmm","bmad/bmm/docs/enterprise-agentic-development.md","bf96ea07e6ef812b3a5d0133180bf64a67a0a9334c621fa6ee74197b0ce09209"
"md","epic-optimizer","bmm","bmad/bmm/sub-modules/claude-code/sub-agents/bmad-planning/epic-optimizer.md","23f5444c0edb1e58acf8c895a5c10e25deb5ccd0ae27baf99c6d4b2fa1a5f504"
"md","epics-template","bmm","bmad/bmm/workflows/3-solutioning/create-epics-and-stories/epics-template.md","59410d8cd3417c0b1308a8752ed6a9b06abe29531c06513a500f1b9be69bf6de"
"md","error-handling","bmm","bmad/bmm/testarch/knowledge/error-handling.md","86c04dd03ff81340eb99bdfe200f8d6a51c99a2199fb80a0046f9cb312d7c440"
"md","faq","bmm","bmad/bmm/docs/faq.md","53ef2a5b879d65d08894cd337fa0a8218b1d0c2b42aee15da92e514a53d2934c"
"md","feature-flags","bmm","bmad/bmm/testarch/knowledge/feature-flags.md","91d8753aaab3ae974ab9ab5a4651dd39e147fe5ac1b9e74620dd1901efc8e93f"
"md","file-utils","bmm","bmad/bmm/testarch/knowledge/file-utils.md","933ad88b4df92b110597456816ae8a3945dc5173b33cadfe6e1d9dc8b1af1274"
"md","fixture-architecture","bmm","bmad/bmm/testarch/knowledge/fixture-architecture.md","e578e2164ba7d60818a910242d9bc03413724bae3e8e5a5f03192b3c3076d83d"
"md","fixtures-composition","bmm","bmad/bmm/testarch/knowledge/fixtures-composition.md","5031a64c2b00784b9a0dcb18eaf2beb7f9a8a0d7727acfd0e27430b316e696f1"
"md","full-scan-instructions","bmm","bmad/bmm/workflows/document-project/workflows/full-scan-instructions.md","c0e8151b7079442c16c2445bfeb574f214d5cd6c83b7ed679c57ca63599c3b32"
"md","glossary","bmm","bmad/bmm/docs/glossary.md","ce3b4e02259aea13f07681af8378189697640dc72b4d050240b8cf1d48fcec51"
"md","index-template","bmm","bmad/bmm/workflows/document-project/templates/index-template.md","0e077c2d9d9ccb149a64ed82e67914d90571e23696687cf7a08ac5f2a8b18306"
"md","instructions","bmm","bmad/bmm/workflows/1-analysis/brainstorm-project/instructions.md","c67c889f1de5631adfddd3c6d5924cce0222abc9cd6b9ef8885b3309ba7f6aee"
"md","instructions","bmm","bmad/bmm/workflows/1-analysis/domain-research/instructions.md","4fb4ec150e0f08e906b2049ee6b8a049fbbe9f14fbe5654f454ecabc15960800"
"md","instructions","bmm","bmad/bmm/workflows/1-analysis/product-brief/instructions.md","4df198b1524f57f925c9e66a868487bcc42824b0c0cd662b997c559d5c3349b6"
"md","instructions","bmm","bmad/bmm/workflows/2-plan-workflows/create-ux-design/instructions.md","541aff51d9918dbf1ee469296e3984b831d7c41b6c2b35f81f74c3905cef9312"
"md","instructions","bmm","bmad/bmm/workflows/2-plan-workflows/prd/instructions.md","4fd2387426ab19a75a26e4ca8a01c5adfa65db0b683507a6296a36e611474d70"
"md","instructions","bmm","bmad/bmm/workflows/3-solutioning/architecture/instructions.md","0b961a76364f7f0e4550c3104228778d5c9469b95546f3fd3ef5eee0768b322d"
"md","instructions","bmm","bmad/bmm/workflows/3-solutioning/create-epics-and-stories/instructions.md","7d0ed4ea2e7e4ebab096aee3035620af4766cc07c48642aac452bdbbea184a5b"
"md","instructions","bmm","bmad/bmm/workflows/3-solutioning/implementation-readiness/instructions.md","ef886c02d56ea4d5a703fec9765feceb103ef33f781806c66f6c25017897b669"
"md","instructions","bmm","bmad/bmm/workflows/4-implementation/correct-course/instructions.md","7644f8184f1fb853f46096fb9c3688b5e656062cfebdb9604d6ca003cab98662"
"md","instructions","bmm","bmad/bmm/workflows/4-implementation/retrospective/instructions.md","6061810c020b882d1868dc05220344d885a661eb9c6ab0f7909a0c54d3ef3f8e"
"md","instructions","bmm","bmad/bmm/workflows/4-implementation/sprint-planning/instructions.md","871f673adf6580882313bfb4a42c5e516ec80cb3f90a3c4b77cf8699ac954e90"
"md","instructions","bmm","bmad/bmm/workflows/bmad-quick-flow/create-tech-spec/instructions.md","108502c9443b8152f5f4ac4c95af6872f7f551a2652109f0bd9dbb91647e20fa"
"md","instructions","bmm","bmad/bmm/workflows/bmad-quick-flow/quick-dev/instructions.md","01ea547a306304fb271807c481148ab033e833bf89de401a7d6e2961e78fb054"
"md","instructions","bmm","bmad/bmm/workflows/diagrams/create-dataflow/instructions.md","a66a78e197b329a10971e75c206a416b43f6bab491589a96db15ebf82a366825"
"md","instructions","bmm","bmad/bmm/workflows/diagrams/create-diagram/instructions.md","45d2ea6b77354ca2a60ef32f67aa9d37502414f80dc023eacf51325b087dde26"
"md","instructions","bmm","bmad/bmm/workflows/diagrams/create-flowchart/instructions.md","6f1ce2b9bc3985b5dd8487a632df2eceafe23dc6b2740240a1df231d5731868c"
"md","instructions","bmm","bmad/bmm/workflows/diagrams/create-wireframe/instructions.md","e639a599fdb3979286da58321032878ab10e0d314d8c3f8018f0debf1f0e9c0c"
"md","instructions","bmm","bmad/bmm/workflows/document-project/instructions.md","c07ca6b5332edbf1c634f3b246ee80169b81e6cd07e6b5dffef5c4fb2c55f9d0"
"md","instructions","bmm","bmad/bmm/workflows/testarch/atdd/instructions.md","643173cec8c4148945429c0e9af49517f913d80087dec2a25cf50c94d2f1176a"
"md","instructions","bmm","bmad/bmm/workflows/testarch/automate/instructions.md","08a33edd3fd98dc99e30117cab77c6684c09bd349a06478a24e60257ba8ad3f7"
"md","instructions","bmm","bmad/bmm/workflows/testarch/ci/instructions.md","eea43aec50f83cb0fb4702e282d01310620f1162bf5ea2579dffc8b2efc603f3"
"md","instructions","bmm","bmad/bmm/workflows/testarch/framework/instructions.md","3ed942f4ddb0fa41d9571294883bc6e050f955360c46acf128f9b8c712eadfa8"
"md","instructions","bmm","bmad/bmm/workflows/testarch/nfr-assess/instructions.md","ea65c7f384d3961108737e8da91c94d8a120fc6f1b1273abd57718103a7f4cc5"
"md","instructions","bmm","bmad/bmm/workflows/testarch/test-design/instructions.md","0e5d5f029d6d241956887de1b53b082f88a116edcff02bd85dc2cf5a36c436c0"
"md","instructions","bmm","bmad/bmm/workflows/testarch/test-review/instructions.md","bde97c42a22ed3c48a1119c213f7d743e8ffc95bc8d61f1921b8b35421cac527"
"md","instructions","bmm","bmad/bmm/workflows/testarch/trace/instructions.md","a3abd6c56f45ecada9819f0fb5df73edb5531e06709eb22b4d07f7b08e3adbe3"
"md","instructions","bmm","bmad/bmm/workflows/workflow-status/init/instructions.md","5886e3f5a75966f07079212dca164caa5834749a9853b538bc42bb7b6c3ba16d"
"md","instructions","bmm","bmad/bmm/workflows/workflow-status/instructions.md","049bc2ba38530d24f35c3f695a2eef874783140d71b022fdae4bd39224075af4"
"md","instructions-deep-prompt","bmm","bmad/bmm/workflows/1-analysis/research/instructions-deep-prompt.md","f1ee213de1841ea2c9fb5b3b3c2c674388035a1b8eeed66390d7ebfd63ac550e"
"md","instructions-market","bmm","bmad/bmm/workflows/1-analysis/research/instructions-market.md","874fddfe290dd7044d791878561f9798e3a649cdde6b2db2a71770cf8f8b1075"
"md","instructions-router","bmm","bmad/bmm/workflows/1-analysis/research/instructions-router.md","b15b27829d8e33747d8376033ed141ed316039d73b5c59d7925d3dea79cf8b0b"
"md","instructions-technical","bmm","bmad/bmm/workflows/1-analysis/research/instructions-technical.md","9bc9760239777208decd8a3404548d2238f8de8d554bf33e82a134562f4a74ef"
"md","intercept-network-call","bmm","bmad/bmm/testarch/knowledge/intercept-network-call.md","6c731a6ecdf7bab7d04b94afd9be02b2be6ee683754663c387311a15b77ef0a2"
"md","log","bmm","bmad/bmm/testarch/knowledge/log.md","ce53ed8940006468610f6fb1ca5b9425267f00da0b962a5041dd726adb2b8ecb"
"md","market-researcher","bmm","bmad/bmm/sub-modules/claude-code/sub-agents/bmad-research/market-researcher.md","b7d82fd51b0e606005203bdf563d6dee3f23cf3beeeafc3620c59567fc49925a"
"md","network-error-monitor","bmm","bmad/bmm/testarch/knowledge/network-error-monitor.md","a17a37988e73aa50bd73fd4200a5e8aa78b09387987652a3e02a6e07c315cb40"
"md","network-first","bmm","bmad/bmm/testarch/knowledge/network-first.md","257fe61ec77020d024f7ddf4f6c5c965f6c4632a469d942278c7337abc8621b7"
"md","network-recorder","bmm","bmad/bmm/testarch/knowledge/network-recorder.md","d9e896ca96c04489b06baf75aa813a045cfc69603a9bd7380678b469ed7dea93"
"md","nfr-criteria","bmm","bmad/bmm/testarch/knowledge/nfr-criteria.md","5d5f9acfeb6a98f2ef7ee8707bbac3ab37d9c191c443c1e944dee70cf3f9963a"
"md","nfr-report-template","bmm","bmad/bmm/workflows/testarch/nfr-assess/nfr-report-template.md","00438049a57791638941b18cb93a1d07ed2a969f5b725ac78ca77be0f06f7d54"
"md","overview","bmm","bmad/bmm/testarch/knowledge/overview.md","e008e9ce3a07ffc47b3e80b7507a5c866fa0f32359f7c982d4329c80dd611040"
"md","party-mode","bmm","bmad/bmm/docs/party-mode.md","f68ebbc30ab7df4f4222b6faf108befcf09d1520e7605fc0147f65b6491d4057"
"md","pattern-detector","bmm","bmad/bmm/sub-modules/claude-code/sub-agents/bmad-analysis/pattern-detector.md","8ebbb124bf6f1f2eda553fd4a84d181dae7153fce8bf394e88a94b71475e98de"
"md","playwright-config","bmm","bmad/bmm/testarch/knowledge/playwright-config.md","0aad9401ce1f701925ba05f9bf6ff66c13fdf5d797593486de9d0e74a74cf9cd"
"md","pm","bmm","bmad/bmm/agents/pm.md","e0a419e45eea6f36eea5ed06fbe29e61b0a7c87144a44140d747bd9864d8b5c8"
"md","prd-template","bmm","bmad/bmm/workflows/2-plan-workflows/prd/prd-template.md","80e3984a0565b1e8c75663145d0c21be33901946c2afac9f9ad1037c73fd6894"
"md","probability-impact","bmm","bmad/bmm/testarch/knowledge/probability-impact.md","c582f4e681758b8c84ca2de003aa7133913326ac2c398b6c0e802914919b8333"
"md","project-context","bmm","bmad/bmm/workflows/1-analysis/brainstorm-project/project-context.md","5c3096f17fa77bc16380fccbb7c6ab1d1702913057430b9edb7efe50e138b489"
"md","project-overview-template","bmm","bmad/bmm/workflows/document-project/templates/project-overview-template.md","fd1ae5724b19829feb79245b5249c3ebf3cee30d07776939d87c7563e5bf76fd"
"md","quick-flow-solo-dev","bmm","bmad/bmm/docs/quick-flow-solo-dev.md","23f938c00c8d0282e74a210c95bbd39bf13e9acea395164156a6fcc1d3bc23ee"
"md","quick-flow-solo-dev","bmm","bmad/bmm/agents/quick-flow-solo-dev.md","7aafec20273c481254fc8b530ded6f23403b724bfce4177c570eff51d40c07e5"
"md","quick-start","bmm","bmad/bmm/docs/quick-start.md","4366e645fb3c55ffe1a7d3cd4d30c7913c10c3ee3818749c84d28544f3a80200"
"md","readme","bmm","bmad/bmm/sub-modules/claude-code/readme.md","dc308623a61294e2166c695e3a19ff9aeee398bdd01ed8092bd926fbefb47639"
"md","README","bmm","bmad/bmm/docs/README.md","adfc1b321d7505a37be52108eee3ed907e1dce59feb1de9d65eca4aa49c90202"
"md","README","bmm","bmad/bmm/README.md","b997914848293c10faa7ef29adabb1af511c66d2a3e1968895d5bfd30384bd8b"
"md","recurse","bmm","bmad/bmm/testarch/knowledge/recurse.md","80b9f14c0ac44acca1b769def48fd3211131a8148b9800b7db78b1ed05928bd5"
"md","requirements-analyst","bmm","bmad/bmm/sub-modules/claude-code/sub-agents/bmad-planning/requirements-analyst.md","ca413c0982f294816455e85c8e8440e96017f46f2928608f33e4f84b06fd93ad"
"md","risk-governance","bmm","bmad/bmm/testarch/knowledge/risk-governance.md","970d014bb18d273f36bd16f4f2faa4ecae653b54928eddb473a499954ed9c074"
"md","scale-adaptive-system","bmm","bmad/bmm/docs/scale-adaptive-system.md","556fc85e94b9500483b472abfd3fbfbfa8c70b3a5040e11af22e9cd04f017f57"
"md","selective-testing","bmm","bmad/bmm/testarch/knowledge/selective-testing.md","abe5316924696e5a7dbb68a345b01072ca13894c8d09cd5f77bfe509a7276b5b"
"md","selector-resilience","bmm","bmad/bmm/testarch/knowledge/selector-resilience.md","27017332dd7d25c86ef39bbf8aec4ace89ee05bed56b6fdae639078c9e725d15"
"md","sm","bmm","bmad/bmm/agents/sm.md","a4dd3f8e00aac06c903c3a8abda1ac348d442afcaec3723462955160a3d79814"
"md","source-tree-template","bmm","bmad/bmm/workflows/document-project/templates/source-tree-template.md","f0094b1e0a9770c8c408b86f978b660c253fe99affcf2b67e1cf7aa9b40e74cb"
"md","tea","bmm","bmad/bmm/agents/tea.md","ef82fcb48fb4e668da182a8f1b4dea73f957b8475dab8916e4556bcf59260dff"
"md","tech-debt-auditor","bmm","bmad/bmm/sub-modules/claude-code/sub-agents/bmad-research/tech-debt-auditor.md","76182176ac024ec31d66017978658352bf7d8250c741ff2eaac632c995670baf"
"md","tech-writer","bmm","bmad/bmm/agents/tech-writer.md","fee88f43a03d72f7d615b70359675573041508f02b33bebf41a2721199717cfb"
"md","technical-decisions-curator","bmm","bmad/bmm/sub-modules/claude-code/sub-agents/bmad-planning/technical-decisions-curator.md","6d244291bff69d1207c60f0fb8272c43a26537b4d291c4045970bd5aaafc4946"
"md","technical-evaluator","bmm","bmad/bmm/sub-modules/claude-code/sub-agents/bmad-review/technical-evaluator.md","abf1f497d2d82c29931f781067659a03e20574e8050e8c688f22f03c191cc9bc"
"md","template","bmm","bmad/bmm/workflows/1-analysis/domain-research/template.md","bad7269463d7cf8a7ccfa3487c5f25b9d95f9d7b982833d39dd871562f162a90"
"md","template","bmm","bmad/bmm/workflows/1-analysis/product-brief/template.md","c1a5385f4e65fa031edfa9b7b4eb9489b8e022ae55857f9bf71c42d96cce4b19"
"md","template","bmm","bmad/bmm/workflows/3-solutioning/implementation-readiness/template.md","b03db3b87d86b71425b8a43bf5888df2c51d1ebcaaba7425cf802eaebef825f1"
"md","template","bmm","bmad/bmm/workflows/4-implementation/create-story/template.md","d6985b05178ce3e4ac140e9cccda0e5b2a8cf07893e4ce5aed51c9f7434350ad"
"md","template-deep-prompt","bmm","bmad/bmm/workflows/1-analysis/research/template-deep-prompt.md","6d28b09e81f041f59a82d6dbefc8a8f3d7d69493c94d51cc63c31573397c5f2b"
"md","template-market","bmm","bmad/bmm/workflows/1-analysis/research/template-market.md","75e45d3188493e3b28c250e1f0e4f65521e2f04bf35d8653fbccca26186c3db5"
"md","template-technical","bmm","bmad/bmm/workflows/1-analysis/research/template-technical.md","dca73db078bf7f950533e87b0b4b0e9fde1eddf4bca479df0d3f45eab13fcb0e"
"md","test-architecture","bmm","bmad/bmm/docs/test-architecture.md","fb0523042e50789479284d936f1df89888e70c4fe6e4912017d8d3394e62f96b"
"md","test-coverage-analyzer","bmm","bmad/bmm/sub-modules/claude-code/sub-agents/bmad-review/test-coverage-analyzer.md","b024bbc7ab909eb70c8af6f56728a151fa263b8d3cd6c2bffb7643a39a8bc8de"
"md","test-design-template","bmm","bmad/bmm/workflows/testarch/test-design/test-design-template.md","b1aaf79611ff683b9139f17edd67d271ea770c99b57b37fd0aba11474c3d709d"
"md","test-healing-patterns","bmm","bmad/bmm/testarch/knowledge/test-healing-patterns.md","34f05dc40b5ead05d9c68299cb1a46f819338a4c8c928ab550a593e17f2b5464"
"md","test-levels-framework","bmm","bmad/bmm/testarch/knowledge/test-levels-framework.md","5397ad467351c55a6c8ee0d7f2fc6fce3d123a0bee35c01af0f71aa90d8bd0ea"
"md","test-priorities-matrix","bmm","bmad/bmm/testarch/knowledge/test-priorities-matrix.md","9f026da4038166ce8c3cc8aaedc9ca32b99eae75a053d5301c07bc53442a7788"
"md","test-quality","bmm","bmad/bmm/testarch/knowledge/test-quality.md","01552faa4496926c4e4badf03ff7c0b17fbf3e5647c3a79348c6e4932602955e"
"md","test-review-template","bmm","bmad/bmm/workflows/testarch/test-review/test-review-template.md","e415ff04456a35f56d13c631eacdcc9e7e2a0f0f9678dddc0b035fe09b52b200"
"md","timing-debugging","bmm","bmad/bmm/testarch/knowledge/timing-debugging.md","74304e8e924f1ae21be4edcdea149442a8ee1d5ad23a5388dc32c0cf3f8135e7"
"md","trace-template","bmm","bmad/bmm/workflows/testarch/trace/trace-template.md","f07d3dfde1a75b7e3d574d8c4b95e738b5a2552e3fad89b4741c371141ea0fc4"
"md","trend-spotter","bmm","bmad/bmm/sub-modules/claude-code/sub-agents/bmad-planning/trend-spotter.md","e3d4281fb8c9729562e36430f082d2d85f77156c4ab3b0aca9aa26323010e7ae"
"md","user-journey-mapper","bmm","bmad/bmm/sub-modules/claude-code/sub-agents/bmad-planning/user-journey-mapper.md","33195c92ece40f024501a7607ff14b5c648394df0dee41f7ba849e618b9a07b6"
"md","user-researcher","bmm","bmad/bmm/sub-modules/claude-code/sub-agents/bmad-planning/user-researcher.md","93db9982168616a80833d56bf7b6f330955058b5d072a2b0775a63fda8e0c0c5"
"md","ux-design-template","bmm","bmad/bmm/workflows/2-plan-workflows/create-ux-design/ux-design-template.md","841314dbe03adb697dc4acbeccc0efa54d3040d821d6d8d0d563d9c2b250d349"
"md","ux-designer","bmm","bmad/bmm/agents/ux-designer.md","bfc44f225d054c0761b6b4456092156b04332ca129aad3142d4a346b26a5eb66"
"md","visual-debugging","bmm","bmad/bmm/testarch/knowledge/visual-debugging.md","c61f70d5f7eb3bb15e34484b874554672c3d78004b70a0eeb9f713abdd520e1f"
"md","workflow-architecture-reference","bmm","bmad/bmm/docs/workflow-architecture-reference.md","d08095f3f92b0a74f017108e9f3b0486acf2a4dba62a6bf090171b5a902b2055"
"md","workflow-document-project-reference","bmm","bmad/bmm/docs/workflow-document-project-reference.md","a9d145c47f4b5ef2bd3cc2135737f30955141c4db515365b240add7e76b35546"
"md","workflows-analysis","bmm","bmad/bmm/docs/workflows-analysis.md","e760a57198a66a73465c2e1c563a102f6c30c8fe5ffcd31f3908f0f6a1f7b7c3"
"md","workflows-implementation","bmm","bmad/bmm/docs/workflows-implementation.md","1cd8ab35b47728ea116e6d2aba6476f2a5759b8c49e46175871cc9ecca691685"
"md","workflows-planning","bmm","bmad/bmm/docs/workflows-planning.md","8ea73df8bf48c9bc6968c5299b816749d3356c4f5bd6a1bd9392767102e8d833"
"md","workflows-solutioning","bmm","bmad/bmm/docs/workflows-solutioning.md","b4f5f4f1a073729340ac47bde244c421e6f03f4aa48cd65904be81ef141bf8d0"
"svg","workflow-method-greenfield","bmm","bmad/bmm/docs/images/workflow-method-greenfield.svg","37dfda267dfefd6a62391f2873e50fe07da5b1944008a85c39192de6af7d3b60"
"xml","instructions","bmm","bmad/bmm/workflows/4-implementation/code-review/instructions.xml","eb655c6363b37ca0387b51b0d630da13c7958665ee3e657dcff5c5ea49d9f043"
"xml","instructions","bmm","bmad/bmm/workflows/4-implementation/create-story/instructions.xml","55bdb3edd02b5ee249049a254fe3c96576d9ba19bd6f19a361652ae63f94f6ec"
"xml","instructions","bmm","bmad/bmm/workflows/4-implementation/dev-story/instructions.xml","0316081ec2033f9fc7153951cfd020d3b0f2a061b2aaa255dae7db5359750d97"
"yaml","analyst.agent","bmm","bmad/bmm/agents/analyst.agent.yaml",""
"yaml","architect.agent","bmm","bmad/bmm/agents/architect.agent.yaml",""
"yaml","architecture-patterns","bmm","bmad/bmm/workflows/3-solutioning/architecture/architecture-patterns.yaml","58e1997a396eaf9dc0511661fbab58f508634483931f590b2db92844e32811bd"
"yaml","config","bmm","bmad/bmm/sub-modules/claude-code/config.yaml","4126eb5bac7b906374782be0e93cbc249ed521ef1c0f0af328076eba857267b4"
"yaml","config","bmm","bmad/bmm/config.yaml","52029ac5b1559ba14b985b129364428f82f87866509001bea9e14794cb933239"
"yaml","decision-catalog","bmm","bmad/bmm/workflows/3-solutioning/architecture/decision-catalog.yaml","6e8e7b5ada527e0b08b1118385be77d118fecb16bc22c2f25b9d179b72e3172b"
"yaml","deep-dive","bmm","bmad/bmm/workflows/document-project/workflows/deep-dive.yaml","0ea3c64633f3902f93f41e94264e4b25bdfa6f75d7176301304419a032e7db2d"
"yaml","dev.agent","bmm","bmad/bmm/agents/dev.agent.yaml",""
"yaml","enterprise-brownfield","bmm","bmad/bmm/workflows/workflow-status/paths/enterprise-brownfield.yaml","28e7a2aeec198fa635462f25d4bb72d6cb32ad31e0c11778f4b2b1bcd32031cf"
"yaml","enterprise-greenfield","bmm","bmad/bmm/workflows/workflow-status/paths/enterprise-greenfield.yaml","92cefcadbb98fbfe634549300b9de7dce66403a0fe47ef7e9c55f4852b38c718"
"yaml","excalidraw-templates","bmm","bmad/bmm/workflows/diagrams/_shared/excalidraw-templates.yaml","238f19287558ad09e0c0bb11bdbbfa07bb05b0ec1a2945ad45425735cab6007b"
"yaml","full-scan","bmm","bmad/bmm/workflows/document-project/workflows/full-scan.yaml","f81786161c9357f13d2ec234fc47e9adeb626ce6cb0b494cc09ebf8a1a97caaa"
"yaml","github-actions-template","bmm","bmad/bmm/workflows/testarch/ci/github-actions-template.yaml","67b82b70b5b8a9b6bb2dd939ba8b9083f9ce820a4852c791ee990cd680daedc7"
"yaml","gitlab-ci-template","bmm","bmad/bmm/workflows/testarch/ci/gitlab-ci-template.yaml","eca2506e94776c38bca3cb0a8191c8b920af7bdae75d709a04fcccc190b6a66c"
"yaml","injections","bmm","bmad/bmm/sub-modules/claude-code/injections.yaml","1df5c70aa71aa9e2eb80551b117f6f5e0e6dc54a220f302b56b6fc66468d3675"
"yaml","injections","bmm","bmad/bmm/workflows/1-analysis/research/claude-code/injections.yaml","77c0388a3c0491a2b0dcfd6b2ad4794caace361e17655accae33ac8380834727"
"yaml","method-brownfield","bmm","bmad/bmm/workflows/workflow-status/paths/method-brownfield.yaml","a964a7652fa0124687faf679ecc02b4673d68b3fb09cc9edf09757c65d086479"
"yaml","method-greenfield","bmm","bmad/bmm/workflows/workflow-status/paths/method-greenfield.yaml","9ba4382ae4a1f198374c1274802955ffc373167abb13559ecc64e91eb268929e"
"yaml","pm.agent","bmm","bmad/bmm/agents/pm.agent.yaml",""
"yaml","project-levels","bmm","bmad/bmm/workflows/workflow-status/project-levels.yaml","c58163255bc01cfbb097ba0f2009aa22f67c1f8499b390e1a693fe0400961baf"
"yaml","quick-flow-solo-dev.agent","bmm","bmad/bmm/agents/quick-flow-solo-dev.agent.yaml",""
"yaml","sm.agent","bmm","bmad/bmm/agents/sm.agent.yaml",""
"yaml","sprint-status-template","bmm","bmad/bmm/workflows/4-implementation/sprint-planning/sprint-status-template.yaml","48309a953e8b9194464eb0628fc3a2976425a9effe252aba23a54f947f28e414"
"yaml","tea.agent","bmm","bmad/bmm/agents/tea.agent.yaml",""
"yaml","team-fullstack","bmm","bmad/bmm/teams/team-fullstack.yaml","debb100bfda3790c568422c40bd93be96b9ef641a147eb85769fb404a23e1a67"
"yaml","tech-writer.agent","bmm","bmad/bmm/agents/tech-writer.agent.yaml",""
"yaml","ux-designer.agent","bmm","bmad/bmm/agents/ux-designer.agent.yaml",""
"yaml","workflow","bmm","bmad/bmm/workflows/1-analysis/brainstorm-project/workflow.yaml","6e7a00e81c8d903e959b90520eb8b715b80282d1e9fd6694da7263ffeaf2a164"
"yaml","workflow","bmm","bmad/bmm/workflows/1-analysis/domain-research/workflow.yaml","9b4070578dedc20bc9e5a4c094df296a56cabb8969b1c5a8d38a5d57f2400335"
"yaml","workflow","bmm","bmad/bmm/workflows/1-analysis/product-brief/workflow.yaml","941ae5fd29851039ee9a652dc96155a5de2a000eac06d3e8f01592cf2c0a028a"
"yaml","workflow","bmm","bmad/bmm/workflows/1-analysis/research/workflow.yaml","e1f3377bb84bab4d75bd0f5d2eaed9dac05441ef7c2f4f8aebecf41e78933a5a"
"yaml","workflow","bmm","bmad/bmm/workflows/2-plan-workflows/create-ux-design/workflow.yaml","0350b18385267de4b36adcfe7ce51aea651ffa1430897ea52da09ffd026800b7"
"yaml","workflow","bmm","bmad/bmm/workflows/2-plan-workflows/prd/workflow.yaml","d75092a61d0ee3f6dbcbfdaa9415c94ea138f3dc5c40034e78d3bbe54fb9d436"
"yaml","workflow","bmm","bmad/bmm/workflows/3-solutioning/architecture/workflow.yaml","053fdd9a7c040266a142315e487e2b9acd9e7e59593771b9c6732d05f8f44c8a"
"yaml","workflow","bmm","bmad/bmm/workflows/3-solutioning/create-epics-and-stories/workflow.yaml","a135a1d0606f0948dadb46bfb1763a1cd5118a27e2e57fadfb651ec93734613a"
"yaml","workflow","bmm","bmad/bmm/workflows/3-solutioning/implementation-readiness/workflow.yaml","ee11508fba43f4a84fdce37cd69f4d8e846ab5c6cb3961d0232366affef4b53b"
"yaml","workflow","bmm","bmad/bmm/workflows/4-implementation/code-review/workflow.yaml","6324f40dbc7eb642276a787dbda862469d35d3a929f7866d4f5fcf3e5011504c"
"yaml","workflow","bmm","bmad/bmm/workflows/4-implementation/correct-course/workflow.yaml","e4b063783e2b3a53d6358a60ee91b749d1ea8419408fe8358f6f74a1c7dbeadc"
"yaml","workflow","bmm","bmad/bmm/workflows/4-implementation/create-story/workflow.yaml","823424c736277e067e282da3c0bcc88a52bb10d71f4ceb9c9844cf86704c082d"
"yaml","workflow","bmm","bmad/bmm/workflows/4-implementation/dev-story/workflow.yaml","e509d84d1897b52c3ec9bc08f24f93b57e7c56eda79c7a33fd189bd6a205676a"
"yaml","workflow","bmm","bmad/bmm/workflows/4-implementation/retrospective/workflow.yaml","3092670480e36e0f3b55628452a71f27a632415f4d0d51baad69dbb97bfbfe1f"
"yaml","workflow","bmm","bmad/bmm/workflows/4-implementation/sprint-planning/workflow.yaml","43fdac11c33a41293ec4f0526abfda54409f4e95f9a63292921e858e647e4518"
"yaml","workflow","bmm","bmad/bmm/workflows/bmad-quick-flow/create-tech-spec/workflow.yaml","22cb807a3bd56a47771ff21318056266545eea9cd39a7a9166d87c69e665dd2c"
"yaml","workflow","bmm","bmad/bmm/workflows/bmad-quick-flow/quick-dev/workflow.yaml","47e3d8460f3e4b63068c829e99b3df0caf0c31eab0aaeaa77cb2bbd8947067bd"
"yaml","workflow","bmm","bmad/bmm/workflows/diagrams/create-dataflow/workflow.yaml","a2211711c8c3419e07e89616ae2c4f252fc06875ba92a4954c947c8dedb9afc8"
"yaml","workflow","bmm","bmad/bmm/workflows/diagrams/create-diagram/workflow.yaml","bc7087f2ccb022023907316f12fcd583a4b38a78d73e6fdebeb5b225ac7eb287"
"yaml","workflow","bmm","bmad/bmm/workflows/diagrams/create-flowchart/workflow.yaml","19547cf204ed783c4cecaf92d2f05d0c4ee9f10110d755bc666a40dc2659d454"
"yaml","workflow","bmm","bmad/bmm/workflows/diagrams/create-wireframe/workflow.yaml","a911af0f55fe43211fe7538731be5cd3ae3b25a01f06b827863ced7d26d7009a"
"yaml","workflow","bmm","bmad/bmm/workflows/document-project/workflow.yaml","0d11bd044fc4ecc13bb4722805a5f794100e0c59898622627dbe1b9bcbf82211"
"yaml","workflow","bmm","bmad/bmm/workflows/testarch/atdd/workflow.yaml","60a15380d92e7c9c91d8e417a881d57d8e8416e59c9e0345e943fe974dde1467"
"yaml","workflow","bmm","bmad/bmm/workflows/testarch/automate/workflow.yaml","0cdc447ef74c108c797c45735ac1498a9e39f0a266880a7698f9e21167ab3b86"
"yaml","workflow","bmm","bmad/bmm/workflows/testarch/ci/workflow.yaml","2a82e3c725004e3cbb6bfac86f7f3010c7a99047b0d054fef9532979a6cdcfa4"
"yaml","workflow","bmm","bmad/bmm/workflows/testarch/framework/workflow.yaml","ac7436bdf4398acd954ae63b982042690b78e1b02f2ccad27264bee8fe6f1216"
"yaml","workflow","bmm","bmad/bmm/workflows/testarch/nfr-assess/workflow.yaml","fa4ea413abc045fbbbaa07700998104c43a0abfafc0d2bf0bb18e5b9d6f29368"
"yaml","workflow","bmm","bmad/bmm/workflows/testarch/test-design/workflow.yaml","f1ef5e7d6426ba98e59258402eb72d3f1bd89051e50f8bc0d5cb7775a1901068"
"yaml","workflow","bmm","bmad/bmm/workflows/testarch/test-review/workflow.yaml","e9f6110ed4f4c71a9af773523135f01023eda75106fd776ee6295de5b495d4aa"
"yaml","workflow","bmm","bmad/bmm/workflows/testarch/trace/workflow.yaml","a790449e44b31f46e9aec7f1c94f172d7f77d3298781dbe0d1aff47b38401f1c"
"yaml","workflow","bmm","bmad/bmm/workflows/workflow-status/init/workflow.yaml","e218ee27b40b6757498199819ed96e98c42cf3acf0738eaf65102beca6f0d8ec"
"yaml","workflow","bmm","bmad/bmm/workflows/workflow-status/workflow.yaml","61cb833013999b21308dcd3ba24eaa7ef1d022efe7bb01ca83be0bf2af65b324"
"yaml","workflow-status-template","bmm","bmad/bmm/workflows/workflow-status/workflow-status-template.yaml","e55fa32fd739c8417358a8232cd405c449bc5b5199ac7369362bf4d0f58e6a09"
"csv","advanced-elicitation-methods","core","bmad/core/tasks/advanced-elicitation-methods.csv","5919c987bd12404753cdb21a534619422903210bbb8430da0f91364c36e48b53"
"csv","brain-methods","core","bmad/core/workflows/brainstorming/brain-methods.csv","caf4b24a02b3b83acb2ad5b63d69e543bf11e60d68e5f28d2033de489b1c9358"
"md","bmad-master","core","bmad/core/agents/bmad-master.md","ec9f25d0155fa4a4a5f5fb5e4424032002847503836c65726de366da6819b1f0"
"md","excalidraw-helpers","core","bmad/core/resources/excalidraw/excalidraw-helpers.md","b0c076d14647ddfaf8fbff0ceb1debea71ad2888335c670544b5a20d5f16dcb0"
"md","instructions","core","bmad/core/workflows/brainstorming/instructions.md","74fed0949479aecea76bc7d0b606dae9c97d26a3ac966d79f810f6c527e93654"
"md","instructions","core","bmad/core/workflows/first-principles/instructions.md","614aff32c17023db515d06a50920f4b2780270ba63fcd5a6347ecdce1949a1dc"
"md","instructions","core","bmad/core/workflows/party-mode/instructions.md","bf7de3b41e67190037876eea84d5b670def79d7c16cf6c49c43c6cbf3d9304e9"
"md","instructions","core","bmad/core/workflows/six-hats/instructions.md","0b7aa7d9db1413eb9d0ba7ec14da00612e4aef0809b308bb251caddc835c5e35"
"md","library-loader","core","bmad/core/resources/excalidraw/library-loader.md","54c49af7be3c9dd8a0b921974611150ba6e4e1ef5860b75292150b250a74c899"
"md","README","core","bmad/core/resources/excalidraw/README.md","e5c9a1f93135da0c36414a6be693ae11edd19418e4fafd85c71f7e067877f205"
"md","README","core","bmad/core/workflows/brainstorming/README.md","f47dc1e22c328d4e8cde28c8d7c89b962cef59bbc3cd60f7918c4beed392e98d"
"md","README","core","bmad/core/workflows/first-principles/README.md","ce96e5f3b573d1f7267e2acf2ecea46c5721bfd6a5e2c94939ae146ba0809464"
"md","README","core","bmad/core/workflows/six-hats/README.md","1bd90e6ad105196ea0acef89c08b964743436b9be11bd117a5988c01dc97a8f7"
"md","template","core","bmad/core/workflows/brainstorming/template.md","4f36ede24661807c231fb15127888db1a05e37311c389de4915ad415cdc149f8"
"md","template","core","bmad/core/workflows/first-principles/template.md","59fc7017aecdc680b87f82fa3dd93a58f678e6a39f79b23bd0ea1ad7f8773fc0"
"md","template","core","bmad/core/workflows/six-hats/template.md","b72441b08b5b8712099aca0ea33b55bda8d71a5ee3f114f5e941b62c2c06b900"
"md","validate-json-instructions","core","bmad/core/resources/excalidraw/validate-json-instructions.md","bbf3e8cef27c06d476cad715618a4eeca34d897a5e6a0cc1de5989b71511fe9d"
"xml","advanced-elicitation","core","bmad/core/tasks/advanced-elicitation.xml","6851507efd2757712a1bf644269fb8cdae928a8fe114240410cf5f25bef8a0fc"
"xml","bmad-web-orchestrator.agent","core","bmad/core/agents/bmad-web-orchestrator.agent.xml","9be0901e4b3eb2d13672a819fc92dfbf721cded00c84c5c0bd27544056adcb1b"
"xml","index-docs","core","bmad/core/tasks/index-docs.xml","41c851b985323c0381c636c14393179d04661310219ce6095e4734e440baffe7"
"xml","shard-doc","core","bmad/core/tools/shard-doc.xml","a3372d898be9cef3279c8726fe414d3da9904672703d73aa71d32b76dc0c0966"
"xml","validate-workflow","core","bmad/core/tasks/validate-workflow.xml","6743540779fd70b38a6d4f29cb1b173f0b26c50e8ff62bfcb523d71379b0733c"
"xml","workflow","core","bmad/core/tasks/workflow.xml","aa9c0fe4783e68d3a5a9c8d0128305bc06bef5ca2a537fd73ad8d0eab8545c13"
"yaml","agent-assignments","core","bmad/core/workflows/first-principles/agent-assignments.yaml","edc940b10d9a7096f0edbeef91229d9c6deb8b35190726125d9649b2556c8182"
"yaml","bmad-master.agent","core","bmad/core/agents/bmad-master.agent.yaml",""
"yaml","config","core","bmad/core/config.yaml","53d974f3c82146dbd339412b3e36af58666c4c0b97c5a155321f5ccc230deec2"
"yaml","hat-assignments","core","bmad/core/workflows/six-hats/hat-assignments.yaml","c751bd68727b0a0d211c00ce1003fff77df5a84e9f33bf3f53153b0cf0af33b6"
"yaml","workflow","core","bmad/core/workflows/brainstorming/workflow.yaml","fa8c6ed11f00149cdf007a2276d2f4c6f401d6482ef0a761f27df05a177d4305"
"yaml","workflow","core","bmad/core/workflows/first-principles/workflow.yaml","620f9ad369f57b2c0fd5d9e910406d5f586a30da333fb4133dc68f4152feb5e6"
"yaml","workflow","core","bmad/core/workflows/party-mode/workflow.yaml","79cd25dc46f9a16035eac6cd215b7ae646774d337bed3879908a711d3bf67649"
"yaml","workflow","core","bmad/core/workflows/six-hats/workflow.yaml","74cbc44f16313c6d682959cdad3a50c0cfdd020211c47a6272de2e9c40917f90"
